5.4.2025;19:15:00;Breidablik;Afturelding;Kopavogsvollur
6.4.2025;14:00:00;Valur;Vestri;N1-vollurinn Hlidarenda
6.4.2025;16:15:00;KA;KR;Greifavollurinn
6.4.2025;19:15:00;Fram;iA;Lambhagavollurinn
7.4.2025;18:00:00;Vikingur R.;iBV;Vikingsvollur
7.4.2025;19:15:00;Stjarnan;FH;Samsungvollurinn
13.4.2025;14:00:00;Vestri;FH;Kerecisvollurinn
13.4.2025;17:00:00;Afturelding;iBV;Malbikstodin ad Varma
13.4.2025;19:15:00;Vikingur R.;KA;Vikingsvollur
13.4.2025;19:15:00;Fram;Breidablik;Lambhagavollurinn
14.4.2025;19:15:00;KR;Valur;AVIS vollurinn
14.4.2025;19:15:00;Stjarnan;iA;Samsungvollurinn
23.4.2025;18:00:00;iA;Vestri;Akranesvollurin
23.4.2025;18:00:00;FH;KR;Kaplakrikavollur
23.4.2025;18:00:00;Valur;KA;N1-vollurinn Hlidarenda
23.4.2025;19:15:00;Breidablik;Stjarnan;Kopavogsvollur
24.4.2025;16:00:00;iBV;Fram;thorsvollur Vey
24.4.2025;19:15:00;Afturelding;Vikingur R.;Malbikstodin ad Varma
27.4.2025;14:00:00;Vestri;Breidablik;Kerecisvollurinn
27.4.2025;16:15:00;KA;FH;Greifavollurinn
27.4.2025;19:15:00;KR;iA;AVIS vollurinn
28.4.2025;17:45:00;Stjarnan;iBV;Samsungvollurinn
28.4.2025;19:15:00;Fram;Afturelding;Lambhagavollurinn
28.4.2025;19:15:00;Valur;Vikingur R.;Valsvollur
4.5.2025;14:00:00;iBV;Vestri;thorsvollur Vey
4.5.2025;17:00:00;iA;KA;ELKEM vollurinn
4.5.2025;19:15:00;FH;Valur;Kaplakrikavollur
5.5.2025;19:15:00;Vikingur R.;Fram;Vikingsvollur
5.5.2025;19:15:00;Afturelding;Stjarnan;Malbikstodin ad Varma
5.5.2025;19:15:00;Breidablik;KR;Kopavogsvollur
10.5.2025;14:00:00;Vestri;Afturelding;Kerecisvollurinn
10.5.2025;19:00:00;KR;iBV;AVIS vollurinn
10.5.2025;19:15:00;Stjarnan;Fram;Samsungvollurinn
10.5.2025;19:15:00;Valur;iA;N1-vollurinn Hlidarenda
11.5.2025;17:30:00;KA;Breidablik;Greifavollurinn
11.5.2025;19:15:00;Vikingur R.;FH;Vikingsvollur
18.5.2025;14:00:00;Fram;Vestri;Lambhagavollurinn
18.5.2025;14:00:00;iBV;KA;thorsvollur Vey
18.5.2025;19:15:00;Afturelding;KR;Malbikstodin ad Varma
19.5.2025;19:15:00;Breidablik;Valur;Kopavogsvollur
19.5.2025;19:15:00;Stjarnan;Vikingur R.;Samsungvollurinn
19.5.2025;19:15:00;iA;FH;ELKEM vollurinn
23.5.2025;19:30:00;KR;Fram;AVIS vollurinn
24.5.2025;17:00:00;KA;Afturelding;Greifavollurinn
24.5.2025;17:00:00;Valur;iBV;N1-vollurinn Hlidarenda
24.5.2025;19:15:00;Vikingur R.;iA;Vikingsvollur
24.5.2025;19:15:00;Vestri;Stjarnan;Kerecisvollurinn
25.5.2025;19:15:00;FH;Breidablik;Kaplakrikavollur
29.5.2025;14:00:00;Vestri;Vikingur R.;Kerecisvollurinn
29.5.2025;16:15:00;Afturelding;Valur;Malbikstodin ad Varma
29.5.2025;16:15:00;Fram;KA;Lambhagavollurinn
29.5.2025;16:15:00;iBV;FH;Hasteinsvollur
29.5.2025;16:15:00;Breidablik;iA;Kopavogsvollur
29.5.2025;19:15:00;Stjarnan;KR;Samsungvollurinn
1.6.2025;14:00:00;KR;Vestri;Meistaravellir
1.6.2025;17:00:00;iA;iBV;ELKEM vollurinn
1.6.2025;17:00:00;KA;Stjarnan;Greifavollurinn
1.6.2025;19:15:00;Valur;Fram;N1-vollurinn Hlidarenda
1.6.2025;19:15:00;Breidablik;Vikingur R.;Kopavogsvollur
1.6.2025;19:15:00;FH;Afturelding;Kaplakrikavollur
15.6.2025;14:00:00;Vestri;KA;Kerecisvollurinn
15.6.2025;17:00:00;iBV;Breidablik;Hasteinsvollur
15.6.2025;19:15:00;Fram;FH;Lambhagavollurinn
15.6.2025;19:15:00;Vikingur R.;KR;Vikingsvollur
15.6.2025;19:15:00;Afturelding;iA;Malbikstodin ad Varma
16.6.2025;19:15:00;Stjarnan;Valur;Samsungvollurinn
22.6.2025;14:00:00;FH;Vestri;Kaplakrikavollur
22.6.2025;19:15:00;iA;Stjarnan;ELKEM vollurinn
22.6.2025;19:15:00;KA;Vikingur R.;Greifavollurinn
22.6.2025;19:15:00;Breidablik;Fram;Kopavogsvollur
23.6.2025;18:00:00;iBV;Afturelding;Hasteinsvollur
23.6.2025;19:15:00;Valur;KR;N1-vollurinn Hlidarenda
26.6.2025;19:15:00;Stjarnan;Breidablik;Samsungvollurinn
28.6.2025;17:00:00;KA;Valur;Greifavollurinn
29.6.2025;17:00:00;Fram;iBV;Lambhagavollurinn
29.6.2025;17:00:00;Vestri;iA;Kerecisvollurinn
29.6.2025;19:15:00;Vikingur R.;Afturelding;Vikingsvollur
29.6.2025;19:15:00;KR;FH;Meistaravellir
3.7.2025;19:15:00;Afturelding;Breidablik;Malbikstodin ad Varma
5.7.2025;14:00:00;iA;Fram;ELKEM vollurinn
5.7.2025;14:00:00;Vestri;Valur;Kerecisvollurinn
5.7.2025;16:00:00;iBV;Vikingur R.;Hasteinsvollur
6.7.2025;16:00:00;KR;KA;Meistaravellir
7.7.2025;19:15:00;FH;Stjarnan;Kaplakrikavollur
14.7.2025;18:00:00;iBV;Stjarnan;Hasteinsvollur
14.7.2025;19:15:00;iA;KR;ELKEM vollurinn
14.7.2025;19:15:00;Afturelding;Fram;Malbikstodin ad Varma
19.7.2025;14:00:00;Breidablik;Vestri;Kopavogsvollur
20.7.2025;17:00:00;FH;KA;Kaplakrikavollur
20.7.2025;19:15:00;Vikingur R.;Valur;Vikingsvollur
27.7.2025;14:00:00;Vestri;iBV;Kerecisvollurinn
27.7.2025;19:15:00;KR;Breidablik;Meistaravellir
27.7.2025;19:15:00;Valur;FH;N1-vollurinn Hlidarenda
27.7.2025;19:15:00;KA;iA;Greifavollurinn
27.7.2025;19:15:00;Fram;Vikingur R.;Lambhagavollurinn
28.7.2025;19:15:00;Stjarnan;Afturelding;Samsungvollurinn
2.8.2025;14:00:00;iBV;KR;Hasteinsvollur
5.8.2025;19:15:00;FH;Vikingur R.;Kaplakrikavollur
5.8.2025;19:15:00;iA;Valur;ELKEM vollurinn
5.8.2025;19:15:00;Breidablik;KA;Kopavogsvollur
6.8.2025;18:00:00;Afturelding;Vestri;Malbikstodin ad Varma
6.8.2025;19:15:00;Fram;Stjarnan;Lambhagavollurinn
10.8.2025;14:00:00;KA;iBV;Greifavollurinn
10.8.2025;14:00:00;Vestri;Fram;Kerecisvollurinn
10.8.2025;19:15:00;Vikingur R.;Stjarnan;Vikingsvollur
10.8.2025;19:15:00;Valur;Breidablik;N1-vollurinn Hlidarenda
11.8.2025;19:15:00;KR;Afturelding;Meistaravellir
11.8.2025;19:15:00;FH;iA;Kaplakrikavollur
17.8.2025;14:00:00;Stjarnan;Vestri;Samsungvollurinn
17.8.2025;14:00:00;iBV;Valur;Hasteinsvollur
17.8.2025;17:00:00;Afturelding;KA;Malbikstodin ad Varma
17.8.2025;18:00:00;iA;Vikingur R.;ELKEM vollurinn
17.8.2025;19:15:00;Breidablik;FH;Kopavogsvollur
18.8.2025;19:15:00;Fram;KR;Lambhagavollurinn
24.8.2025;14:00:00;Vikingur R.;Vestri;Vikingsvollur
24.8.2025;17:00:00;KA;Fram;Greifavollurinn
24.8.2025;17:00:00;iA;Breidablik;ELKEM vollurinn
24.8.2025;18:00:00;FH;iBV;Kaplakrikavollur
25.8.2025;18:00:00;KR;Stjarnan;Meistaravellir
25.8.2025;19:15:00;Valur;Afturelding;N1-vollurinn Hlidarenda
31.8.2025;14:00:00;Vestri;KR;Kerecisvollurinn
31.8.2025;14:00:00;iBV;iA;Hasteinsvollur
31.8.2025;17:00:00;Afturelding;FH;Malbikstodin ad Varma
31.8.2025;17:00:00;Stjarnan;KA;Samsungvollurinn
31.8.2025;19:15:00;Fram;Valur;Lambhagavollurinn
31.8.2025;19:15:00;Vikingur R.;Breidablik;Vikingsvollur
14.9.2025;14:00:00;FH;Fram;Kaplakrikavollur
14.9.2025;14:00:00;KR;Vikingur R.;Meistaravellir
14.9.2025;14:00:00;iA;Afturelding;ELKEM vollurinn
14.9.2025;14:00:00;Breidablik;iBV;Kopavogsvollur
14.9.2025;14:00:00;KA;Vestri;Greifavollurinn
14.9.2025;14:00:00;Valur;Stjarnan;N1-vollurinn Hlidarenda
